Workbook

Sheet Анализ
A1: ID Товара | B1: Наименование | C1: Категория | D1: Выручка (руб.) | E1: Доля в выручке (%) | F1: Накопленная доля (%) | G1: Категория ABC
A2: PRD-0001 | B2: Товар 001 | C2: Красота | D2: 77304.629 | E2: =D2/SUM(D$2:D$51) -> 0.1525045 | F2: =E2 -> 0.1525045 | G2: =IF(F2<=80%, "A", IF(F2<=95%, "B", "C")) -> A
A3: PRD-0002 | B3: Товар 002 | C3: Спорт | D3: 70034.655 | E3: =D3/SUM(D$2:D$51) -> 0.13816249 | F3: =F2+E3 -> 0.29066699 | G3: =IF(F3<=80%, "A", IF(F3<=95%, "B", "C")) -> A
A4: PRD-0003 | B4: Товар 003 | C4: Дом и сад | D4: 39207.623 | E4: =D4/SUM(D$2:D$51) -> 0.077347748 | F4: =F3+E4 -> 0.36801474 | G4: =IF(F4<=80%, "A", IF(F4<=95%, "B", "C")) -> A
A5: PRD-0004 | B5: Товар 004 | C5: Спорт | D5: 39029.01 | E5: =D5/SUM(D$2:D$51) -> 0.076995385 | F5: =F4+E5 -> 0.44501013 | G5: =IF(F5<=80%, "A", IF(F5<=95%, "B", "C")) -> A
A6: PRD-0005 | B6: Товар 005 | C6: Спорт | D6: 34089.642 | E6: =D6/SUM(D$2:D$51) -> 0.067251132 | F6: =F5+E6 -> 0.51226126 | G6: =IF(F6<=80%, "A", IF(F6<=95%, "B", "C")) -> A
A7: PRD-0006 | B7: Товар 006 | C7: Одежда | D7: 19402.654 | E7: =D7/SUM(D$2:D$51) -> 0.038277037 | F7: =F6+E7 -> 0.5505383 | G7: =IF(F7<=80%, "A", IF(F7<=95%, "B", "C")) -> A
A8: PRD-0007 | B8: Товар 007 | C8: Дом и сад | D8: 18683.421 | E8: =D8/SUM(D$2:D$51) -> 0.036858152 | F8: =F7+E8 -> 0.58739645 | G8: =IF(F8<=80%, "A", IF(F8<=95%, "B", "C")) -> A
A9: PRD-0008 | B9: Товар 008 | C9: Дом и сад | D9: 18402.829 | E9: =D9/SUM(D$2:D$51) -> 0.036304609 | F9: =F8+E9 -> 0.62370106 | G9: =IF(F9<=80%, "A", IF(F9<=95%, "B", "C")) -> A
A10: PRD-0009 | B10: Товар 009 | C10: Дом и сад | D10: 17339.7 | E10: =D10/SUM(D$2:D$51) -> 0.034207296 | F10: =F9+E10 -> 0.65790835 | G10: =IF(F10<=80%, "A", IF(F10<=95%, "B", "C")) -> A
A11: PRD-0010 | B11: Товар 010 | C11: Спорт | D11: 13469.186 | E11: =D11/SUM(D$2:D$51) -> 0.026571649 | F11: =F10+E11 -> 0.68448 | G11: =IF(F11<=80%, "A", IF(F11<=95%, "B", "C")) -> A
A12: PRD-0011 | B12: Товар 011 | C12: Красота | D12: 11263.393 | E12: =D12/SUM(D$2:D$51) -> 0.02222012 | F12: =F11+E12 -> 0.70670012 | G12: =IF(F12<=80%, "A", IF(F12<=95%, "B", "C")) -> A
A13: PRD-0012 | B13: Товар 012 | C13: Дом и сад | D13: 10833.588 | E13: =D13/SUM(D$2:D$51) -> 0.021372212 | F13: =F12+E13 -> 0.72807233 | G13: =IF(F13<=80%, "A", IF(F13<=95%, "B", "C")) -> A
A14: PRD-0013 | B14: Товар 013 | C14: Спорт | D14: 9863.7005 | E14: =D14/SUM(D$2:D$51) -> 0.019458844 | F14: =F13+E14 -> 0.74753118 | G14: =IF(F14<=80%, "A", IF(F14<=95%, "B", "C")) -> A
... A51: PRD-0050 | B51: Товар 050 | C51: Красота | D51: 159.43331 | E51: =D51/SUM(D$2:D$51) -> 0.00031452576 | F51: =F50+E51 -> 1 | G51: =IF(F51<=80%, "A", IF(F51<=95%, "B", "C")) -> C

Sheet Дашборд и итоговые показатели
B2: Итоговые показатели ABC-анализа
B4: Категория | C4: Кол-во товаров | D4: Выручка | E4: Доля выручки %
B5: A | C5: =COUNTIF(Анализ!G:G, "A") -> 16 | D5: =SUMIF(Анализ!G:G, "A", Анализ!D:D) -> 403897.45 | E5: =D5/SUM(D$5:D$7) -> 0.79679807
B6: B | C6: =COUNTIF(Анализ!G:G, "B") -> 15 | D6: =SUMIF(Анализ!G:G, "B", Анализ!D:D) -> 75917.946 | E6: =D6/SUM(D$5:D$7) -> 0.14976889
B7: C | C7: =COUNTIF(Анализ!G:G, "C") -> 19 | D7: =SUMIF(Анализ!G:G, "C", Анализ!D:D) -> 27085.243 | E7: =D7/SUM(D$5:D$7) -> 0.053433041
B12: Алгоритм: -кол товаров считаю через =COUNTIF(Анализ!G:G, "A") ссылаясь на другой лист, с диапозоном категории ABC и критерием A, B или C. - выручку через =SUMIF(Анализ!G:G, "A", Анализ!D:D), опираясь на диапозон категорий, критерий, и уже колонку D с выручкой за конкретный товар - долю выручки % считаю по формуле Доля = (Выручка товара / Общая выручка) × 100% с обязательной фиксацией диапозона в SUM($:$) Диаграммы делаю через Select Data и последующий Format
B25: Вывод по ABC анализу В результате анализа товарного ассортимента выделена категория А, которая составляет 20% от общего количества позиций, но приносит 80% выручки. Категория В занимает 30% позиций и дает около 15% выручки. Категория С (оставшиеся 50% позиций) обеспечивает только 5% выручки. Основной фокус рекомендуется направить на управление категорией А, пересмотреть закупки по категории В и сократить затраты на категорию С.
