Workbook

Sheet Sheet1

Sheet Data
A1: SKU | B1: Category | C1: Jan | D1: Feb | E1: Mar | F1: Apr | G1: May | H1: Jun | I1: Jul | J1: Aug | K1: Sep | L1: Oct | M1: Nov | N1: Dec | O1: Total_Revenue | P1: Cost | Q1: Marketing_Spend | R1: New_Customers | S1: Avg_Check | T1: Purchase_Freq | U1: LTV | V1: CAC | W1: Churn_Rate
A2: SKU-1001 | B2: Home | C2: 25874 | D2: 28406 | E2: 31627 | F2: 28331 | G2: 28591 | H2: 21442 | I2: 15364 | J2: 18201 | K2: 21173 | L2: 25489 | M2: 23275 | N2: 29264 | O2: 297043 | P2: 120124 | Q2: 40732 | R2: 23 | S2: 1678 | T2: 1 | U2: 49970 | V2: 1770.9565 | W2: 0.02 | Y2: =SUM(C2:N2) -> 297037
A3: SKU-1002 | B3: Electronics | C3: 72936 | D3: 74079 | E3: 82235 | F3: 72941 | G3: 54532 | H3: 56198 | I3: 40551 | J3: 42759 | K3: 55179 | L3: 58974 | M3: 80296 | N3: 75759 | O3: 766445 | P3: 338990 | Q3: 58957 | R3: 48 | S3: 1763 | T3: 1 | U3: 37817 | V3: 1228.2708 | W3: 0.026
A4: SKU-1003 | B4: Books | C4: 31879 | D4: 27877 | E4: 35130 | F4: 27366 | G4: 29167 | H4: 19478 | I4: 22129 | J4: 20269 | K4: 22619 | L4: 24035 | M4: 27301 | N4: 28570 | O4: 315825 | P4: 111698 | Q4: 34424 | R4: 108 | S4: 1817 | T4: 3 | U4: 50330 | V4: 318.74074 | W4: 0.07
A5: SKU-1004 | B5: Sports | C5: 36823 | D5: 30749 | E5: 38774 | F5: 33507 | G5: 27002 | H5: 26022 | I5: 24103 | J5: 21094 | K5: 27082 | L5: 28374 | M5: 26050 | N5: 31006 | O5: 350592 | P5: 202084 | Q5: 47475 | R5: 158 | S5: 1070 | T5: 4 | U5: 82408 | V5: 300.47468 | W5: 0.022
A6: SKU-1005 | B6: Food | C6: 42224 | D6: 44832 | E6: 50784 | F6: 51364 | G6: 38970 | H6: 38796 | I6: 34468 | J6: 31440 | K6: 35123 | L6: 38515 | M6: 47625 | N6: 41082 | O6: 495229 | P6: 279445 | Q6: 78812 | R6: 43 | S6: 738 | T6: 4 | U6: 30625 | V6: 1832.8372 | W6: 0.042
A7: SKU-1006 | B7: Electronics | C7: 16341 | D7: 21432 | E7: 17309 | F7: 22232 | G7: 16518 | H7: 15590 | I7: 15185 | J7: 12672 | K7: 14686 | L7: 17910 | M7: 20763 | N7: 21930 | O7: 212572 | P7: 85912 | Q7: 30487 | R7: 211 | S7: 2109 | T7: 1 | U7: 14280 | V7: 144.48815 | W7: 0.088
A8: SKU-1007 | B8: Food | C8: 33145 | D8: 36272 | E8: 40818 | F8: 30525 | G8: 28323 | H8: 25062 | I8: 21579 | J8: 26038 | K8: 24351 | L8: 27075 | M8: 27767 | N8: 35776 | O8: 356734 | P8: 145630 | Q8: 50350 | R8: 60 | S8: 2004 | T8: 2 | U8: 26952 | V8: 839.16667 | W8: 0.088
A9: SKU-1008 | B9: Food | C9: 61948 | D9: 62517 | E9: 65846 | F9: 61767 | G9: 55626 | H9: 51322 | I9: 50976 | J9: 47941 | K9: 35753 | L9: 47381 | M9: 47686 | N9: 54028 | O9: 642797 | P9: 309286 | Q9: 60557 | R9: 141 | S9: 3112 | T9: 1 | U9: 36696 | V9: 429.48227 | W9: 0.044
A10: SKU-1009 | B10: Food | C10: 67349 | D10: 72347 | E10: 69177 | F10: 67483 | G10: 55599 | H10: 52235 | I10: 60424 | J10: 40764 | K10: 46327 | L10: 62414 | M10: 69361 | N10: 63003 | O10: 726488 | P10: 335822 | Q10: 103842 | R10: 218 | S10: 701 | T10: 1 | U10: 15706 | V10: 476.33945 | W10: 0.024
A11: SKU-1010 | B11: Clothing | C11: 45976 | D11: 49309 | E11: 50217 | F11: 45524 | G11: 33890 | H11: 27406 | I11: 34337 | J11: 35031 | K11: 37744 | L11: 28972 | M11: 44160 | N11: 51139 | O11: 483709 | P11: 262511 | Q11: 60661 | R11: 160 | S11: 1707 | T11: 1 | U11: 31224 | V11: 379.13125 | W11: 0.025
A12: SKU-1011 | B12: Cosmetics | C12: 36007 | D12: 37854 | E12: 39668 | F12: 34156 | G12: 28284 | H12: 28343 | I12: 16501 | J12: 19819 | K12: 22334 | L12: 20635 | M12: 32298 | N12: 35882 | O12: 351787 | P12: 196204 | Q12: 23519 | R12: 106 | S12: 2691 | T12: 1 | U12: 18309 | V12: 221.87736 | W12: 0.065
A13: SKU-1012 | B13: Home | C13: 8144 | D13: 9090 | E13: 10031 | F13: 9470 | G13: 7690 | H13: 7645 | I13: 7588 | J13: 4800 | K13: 6458 | L13: 7516 | M13: 10767 | N13: 9905 | O13: 99110 | P13: 54887 | Q13: 9815 | R13: 57 | S13: 3674 | T13: 4 | U13: 73679 | V13: 172.19298 | W13: 0.089
A14: SKU-1013 | B14: Books | C14: 32251 | D14: 35944 | E14: 33758 | F14: 36052 | G14: 30262 | H14: 26082 | I14: 26356 | J14: 16550 | K14: 21222 | L14: 23343 | M14: 27197 | N14: 33013 | O14: 342035 | P14: 181538 | Q14: 58008 | R14: 140 | S14: 1855 | T14: 3 | U14: 29014 | V14: 414.34286 | W14: 0.09
... A121: SKU-1120 | B121: Books | C121: 38001 | D121: 40674 | E121: 49973 | F121: 46755 | G121: 43524 | H121: 36266 | I121: 35332 | J121: 28727 | K121: 37429 | L121: 42862 | M121: 42305 | N121: 46507 | O121: 488360 | P121: 248699 | Q121: 34807 | R121: 202 | S121: 2752 | T121: 4 | U121: 61388 | V121: 172.31188 | W121: 0.088

Sheet ABC_XYZ
A1: SKU | B1: Total_Revenue | C1: Share | D1: Cumulative % | E1: ABC | F1: CV | G1: XYZ | H1: Class
A2: =Data!A2 -> SKU-1001 | B2: =Data!O2 -> 297043 | C2: =B2/SUM(Data!$O$2:$O$121) -> 0.0053628201 | D2: =SUM($C$2:C2) -> 0.0053628201 | E2: =IF(D2<=0.8,"A",IF(D2<=0.95,"B","C")) -> A | F2: =_xlfn.STDEV.S(Data!C2:N2)/AVERAGE(Data!C2:N2) -> 0.19915511 | G2: =IF(F2<0.1,"X",IF(F2<=0.25,"Y","Z")) -> Y | H2: =E2&G2 -> AY
A3: =Data!A3 -> SKU-1002 | B3: =Data!O3 -> 766445 | C3: =B3/SUM(Data!$O$2:$O$121) -> 0.013837413 | D3: =SUM($C$2:C3) -> 0.019200233 | E3: =IF(D3<=0.8,"A",IF(D3<=0.95,"B","C")) -> A | F3: =_xlfn.STDEV.S(Data!C3:N3)/AVERAGE(Data!C3:N3) -> 0.22402971 | G3: =IF(F3<0.1,"X",IF(F3<=0.25,"Y","Z")) -> Y | H3: =E3&G3 -> AY
A4: =Data!A4 -> SKU-1003 | B4: =Data!O4 -> 315825 | C4: =B4/SUM(Data!$O$2:$O$121) -> 0.0057019107 | D4: =SUM($C$2:C4) -> 0.024902144 | E4: =IF(D4<=0.8,"A",IF(D4<=0.95,"B","C")) -> A | F4: =_xlfn.STDEV.S(Data!C4:N4)/AVERAGE(Data!C4:N4) -> 0.17971385 | G4: =IF(F4<0.1,"X",IF(F4<=0.25,"Y","Z")) -> Y | H4: =E4&G4 -> AY
A5: =Data!A5 -> SKU-1004 | B5: =Data!O5 -> 350592 | C5: =B5/SUM(Data!$O$2:$O$121) -> 0.0063295948 | D5: =SUM($C$2:C5) -> 0.031231738 | E5: =IF(D5<=0.8,"A",IF(D5<=0.95,"B","C")) -> A | F5: =_xlfn.STDEV.S(Data!C5:N5)/AVERAGE(Data!C5:N5) -> 0.17746281 | G5: =IF(F5<0.1,"X",IF(F5<=0.25,"Y","Z")) -> Y | H5: =E5&G5 -> AY
A6: =Data!A6 -> SKU-1005 | B6: =Data!O6 -> 495229 | C6: =B6/SUM(Data!$O$2:$O$121) -> 0.008940874 | D6: =SUM($C$2:C6) -> 0.040172612 | E6: =IF(D6<=0.8,"A",IF(D6<=0.95,"B","C")) -> A | F6: =_xlfn.STDEV.S(Data!C6:N6)/AVERAGE(Data!C6:N6) -> 0.15431335 | G6: =IF(F6<0.1,"X",IF(F6<=0.25,"Y","Z")) -> Y | H6: =E6&G6 -> AY
A7: =Data!A7 -> SKU-1006 | B7: =Data!O7 -> 212572 | C7: =B7/SUM(Data!$O$2:$O$121) -> 0.003837779 | D7: =SUM($C$2:C7) -> 0.044010391 | E7: =IF(D7<=0.8,"A",IF(D7<=0.95,"B","C")) -> A | F7: =_xlfn.STDEV.S(Data!C7:N7)/AVERAGE(Data!C7:N7) -> 0.17878018 | G7: =IF(F7<0.1,"X",IF(F7<=0.25,"Y","Z")) -> Y | H7: =E7&G7 -> AY
A8: =Data!A8 -> SKU-1007 | B8: =Data!O8 -> 356734 | C8: =B8/SUM(Data!$O$2:$O$121) -> 0.0064404825 | D8: =SUM($C$2:C8) -> 0.050450874 | E8: =IF(D8<=0.8,"A",IF(D8<=0.95,"B","C")) -> A | F8: =_xlfn.STDEV.S(Data!C8:N8)/AVERAGE(Data!C8:N8) -> 0.19197579 | G8: =IF(F8<0.1,"X",IF(F8<=0.25,"Y","Z")) -> Y | H8: =E8&G8 -> AY
A9: =Data!A9 -> SKU-1008 | B9: =Data!O9 -> 642797 | C9: =B9/SUM(Data!$O$2:$O$121) -> 0.011605069 | D9: =SUM($C$2:C9) -> 0.062055943 | E9: =IF(D9<=0.8,"A",IF(D9<=0.95,"B","C")) -> A | F9: =_xlfn.STDEV.S(Data!C9:N9)/AVERAGE(Data!C9:N9) -> 0.1598424 | G9: =IF(F9<0.1,"X",IF(F9<=0.25,"Y","Z")) -> Y | H9: =E9&G9 -> AY
A10: =Data!A10 -> SKU-1009 | B10: =Data!O10 -> 726488 | C10: =B10/SUM(Data!$O$2:$O$121) -> 0.013116028 | D10: =SUM($C$2:C10) -> 0.075171972 | E10: =IF(D10<=0.8,"A",IF(D10<=0.95,"B","C")) -> A | F10: =_xlfn.STDEV.S(Data!C10:N10)/AVERAGE(Data!C10:N10) -> 0.16385703 | G10: =IF(F10<0.1,"X",IF(F10<=0.25,"Y","Z")) -> Y | H10: =E10&G10 -> AY
A11: =Data!A11 -> SKU-1010 | B11: =Data!O11 -> 483709 | C11: =B11/SUM(Data!$O$2:$O$121) -> 0.0087328917 | D11: =SUM($C$2:C11) -> 0.083904863 | E11: =IF(D11<=0.8,"A",IF(D11<=0.95,"B","C")) -> A | F11: =_xlfn.STDEV.S(Data!C11:N11)/AVERAGE(Data!C11:N11) -> 0.20849328 | G11: =IF(F11<0.1,"X",IF(F11<=0.25,"Y","Z")) -> Y | H11: =E11&G11 -> AY
A12: =Data!A12 -> SKU-1011 | B12: =Data!O12 -> 351787 | C12: =B12/SUM(Data!$O$2:$O$121) -> 0.0063511693 | D12: =SUM($C$2:C12) -> 0.090256033 | E12: =IF(D12<=0.8,"A",IF(D12<=0.95,"B","C")) -> A | F12: =_xlfn.STDEV.S(Data!C12:N12)/AVERAGE(Data!C12:N12) -> 0.26836243 | G12: =IF(F12<0.1,"X",IF(F12<=0.25,"Y","Z")) -> Z | H12: =E12&G12 -> AZ
A13: =Data!A13 -> SKU-1012 | B13: =Data!O13 -> 99110 | C13: =B13/SUM(Data!$O$2:$O$121) -> 0.0017893339 | D13: =SUM($C$2:C13) -> 0.092045367 | E13: =IF(D13<=0.8,"A",IF(D13<=0.95,"B","C")) -> A | F13: =_xlfn.STDEV.S(Data!C13:N13)/AVERAGE(Data!C13:N13) -> 0.20399387 | G13: =IF(F13<0.1,"X",IF(F13<=0.25,"Y","Z")) -> Y | H13: =E13&G13 -> AY
... A121: =Data!A121 -> SKU-1120 | B121: =Data!O121 -> 488360 | C121: =B121/SUM(Data!$O$2:$O$121) -> 0.0088168609 | D121: =SUM($C$2:C121) -> 1 | E121: =IF(D121<=0.8,"A",IF(D121<=0.95,"B","C")) -> C | F121: =_xlfn.STDEV.S(Data!C121:N121)/AVERAGE(Data!C121:N121) -> 0.14469247 | G121: =IF(F121<0.1,"X",IF(F121<=0.25,"Y","Z")) -> Y | H121: =E121&G121 -> CY

Sheet Seasonality
A1: ????? | B1: ??. ??????? | C1: ???? ???? | D1: ?????? | E1: ??????
A2: ??? | B2: =AVERAGE(Data!C$2:C$121) -> 43000.075 | C2: =B2/SUM($B$2:$B$13) -> 0.093160006 | D2: =C2*12 -> 1.1179201 | E2: =IF(D2>1.1,"?? ???",IF(D2<0.9,"?? ????","? ?????")) -> ?? ???
A3: ??? | B3: =AVERAGE(Data!D$2:D$121) -> 45951.492 | C3: =B2/SUM($B$2:$B$13) -> 0.093160006 | D3: =C2*12 -> 1.1179201 | E3: =IF(D2>1.1,"?? ???",IF(D2<0.9,"?? ????","? ?????")) -> ?? ???
A4: ??? | B4: =AVERAGE(Data!E$2:E$121) -> 47708.833 | C4: =B2/SUM($B$2:$B$13) -> 0.093160006 | D4: =C2*12 -> 1.1179201 | E4: =IF(D2>1.1,"?? ???",IF(D2<0.9,"?? ????","? ?????")) -> ?? ???
A5: ??? | B5: =AVERAGE(Data!F$2:F$121) -> 44213.467 | C5: =B2/SUM($B$2:$B$13) -> 0.093160006 | D5: =C2*12 -> 1.1179201 | E5: =IF(D2>1.1,"?? ???",IF(D2<0.9,"?? ????","? ?????")) -> ?? ???
A6: ??? | B6: =AVERAGE(Data!G$2:G$121) -> 38628.65 | C6: =B2/SUM($B$2:$B$13) -> 0.093160006 | D6: =C2*12 -> 1.1179201 | E6: =IF(D2>1.1,"?? ???",IF(D2<0.9,"?? ????","? ?????")) -> ?? ???
A7: ??? | B7: =AVERAGE(Data!H$2:H$121) -> 33460.433 | C7: =B2/SUM($B$2:$B$13) -> 0.093160006 | D7: =C2*12 -> 1.1179201 | E7: =IF(D2>1.1,"?? ???",IF(D2<0.9,"?? ????","? ?????")) -> ?? ???
A8: ??? | B8: =AVERAGE(Data!I$2:I$121) -> 30288.033 | C8: =B2/SUM($B$2:$B$13) -> 0.093160006 | D8: =C2*12 -> 1.1179201 | E8: =IF(D2>1.1,"?? ???",IF(D2<0.9,"?? ????","? ?????")) -> ?? ???
A9: ??? | B9: =AVERAGE(Data!J$2:J$121) -> 27820.892 | C9: =B2/SUM($B$2:$B$13) -> 0.093160006 | D9: =C2*12 -> 1.1179201 | E9: =IF(D2>1.1,"?? ???",IF(D2<0.9,"?? ????","? ?????")) -> ?? ???
A10: ??? | B10: =AVERAGE(Data!K$2:K$121) -> 30544.25 | C10: =B2/SUM($B$2:$B$13) -> 0.093160006 | D10: =C2*12 -> 1.1179201 | E10: =IF(D2>1.1,"?? ???",IF(D2<0.9,"?? ????","? ?????")) -> ?? ???
A11: ??? | B11: =AVERAGE(Data!L$2:L$121) -> 34839.3 | C11: =B2/SUM($B$2:$B$13) -> 0.093160006 | D11: =C2*12 -> 1.1179201 | E11: =IF(D2>1.1,"?? ???",IF(D2<0.9,"?? ????","? ?????")) -> ?? ???
A12: ??? | B12: =AVERAGE(Data!M$2:M$121) -> 40332.592 | C12: =B2/SUM($B$2:$B$13) -> 0.093160006 | D12: =C2*12 -> 1.1179201 | E12: =IF(D2>1.1,"?? ???",IF(D2<0.9,"?? ????","? ?????")) -> ?? ???
A13: ??? | B13: =AVERAGE(Data!N$2:N$121) -> 44784.25 | C13: =B2/SUM($B$2:$B$13) -> 0.093160006 | D13: =C2*12 -> 1.1179201 | E13: =IF(D2>1.1,"?? ???",IF(D2<0.9,"?? ????","? ?????")) -> ?? ???

Sheet Unit_Economics
A1: ??????? | B1: ??????? | C1: ???????? | D1: ????????
A2: CAC | B2: =Marketing/New_Customers -> #NAME? | C2: =SUM(Data!Q2:Q121)/SUM(Data!R2:R121) -> 472.19488 | D2: < LTV/3
A3: LTV | B3: =Check*Freq*Margin*(1/Churn) -> #NAME? | C3: =AVERAGE(Data!S2:S121)*AVERAGE(Data!T2:T121)*(1-AVERAGE(Data!P2:P121)/AVERAGE(Data!O2:O121))*(1/AVERAGE(Data!W2:W121)) -> 54853.49 | D3: > 3x CAC
A4: Contribution Margin | B4: =(Rev-COGS)/Rev -> #NAME? | C4: =(SUM(Data!O2:O121)-SUM(Data!P2:P121))/SUM(Data!O2:O121) -> 0.50371709 | D4: > 50%
A5: Payback Period | B5: =CAC/(LTV/12) -> #NAME? | C5: =C2/(C3/12) -> 0.10329951 | D5: < 12 ???
A6: ROAS | B6: =Rev/Marketing -> #NAME? | C6: =SUM(Data!O2:O121)/SUM(Data!Q2:Q121) -> 8.8536372 | D6: > 3x

Sheet Cheat_Sheet
A1: ?? ????????? ??? ?????????????
A3: 1. ABC/XYZ: ABC=???? ? ??????? (80/20), XYZ=???????????? (CV). ???????: =IF(cum<=0.8,"A",...), =STDEV.S()/AVERAGE()
A4: 2. ??????????: ??????=(??_???/??_???)*12. >1.1=???, <0.9=????.
A5: 3. Unit-Eco: LTV:CAC>=3, Payback<12???, CM>50%. ?????????: ??????? ? ??????? ? ????? ? ?????.
A7: ?? ????-?????: «??????? ABC ??? ?????? ?? ???-20%, XYZ ??? ?????????? ?????????? ????????, ??????????????? ????? ??? ??????? ????? ???????, ??????? LTV:CAC ??? ??????????? ??????????»
